Team,GP,W,L,Min,Pts,FGM,FGA,FG%,3PM,3PA,3P%,FTM,FTA,FT%,OReb,DReb,Reb,Ast,TO,Stl,Blk,PF,+/-,Pace
Milwaukee Bucks,38,15,23,1.8,3.7,1.0,2.8,36.1,0.1,0.6,22.7,1.6,1.8,86.8,0.4,1.4,1.8,0.6,0.5,0.2,0.2,1.1,0.0,107.64
Toronto Raptors,38,18,20,2.1,3.8,1.2,3.5,35.1,0.2,1.0,24.3,1.1,1.3,78.4,0.6,1.3,1.9,0.6,0.4,0.3,0.3,1.4,-0.5,99.02
Portland Trail Blazers,37,23,14,1.9,4.3,1.5,3.6,42.4,0.2,0.8,28.6,1.1,1.3,83.0,0.6,1.2,1.8,0.9,0.5,0.3,0.3,1.1,0.6,97.21
New Orleans Hornets,36,19,17,2.0,3.3,1.1,3.1,35.5,0.3,0.9,30.3,0.8,1.3,64.4,0.4,1.1,1.5,0.7,0.6,0.3,0.3,1.3,-0.7,94.19
Phoenix Suns,36,12,24,1.7,3.1,0.8,2.7,30.2,0.3,0.8,33.3,1.2,1.6,76.8,0.5,0.9,1.4,0.3,0.4,0.3,0.3,1.2,-1.5,104.07
Sacramento Kings,36,20,16,1.8,4.5,1.3,2.8,47.5,0.4,0.8,44.8,1.6,1.9,81.2,0.3,1.3,1.5,0.9,0.4,0.2,0.1,1.0,0.8,103.98
Boston Celtics,35,19,16,1.6,3.9,1.0,2.5,38.6,0.2,0.9,25.0,1.7,2.3,75.0,0.5,1.3,1.8,0.6,0.7,0.3,0.2,1.2,-0.1,118.85
Houston Rockets,35,19,16,1.9,4.3,1.2,2.9,39.8,0.2,0.6,27.3,1.8,2.3,78.5,0.4,1.3,1.7,0.7,0.8,0.2,0.3,1.3,-0.1,109.67
Indiana Pacers,35,23,12,1.9,3.9,1.1,3.1,36.7,0.3,0.9,30.0,1.4,1.9,75.4,0.3,1.1,1.4,0.7,0.5,0.3,0.2,1.3,0.6,99.62
Atlanta Hawks,34,11,23,1.9,4.1,1.4,3.1,45.2,0.2,0.8,30.8,1.1,1.5,74.5,0.4,1.1,1.6,0.7,0.7,0.3,0.2,1.6,-0.7,105.79
Detroit Pistons,34,16,18,2.2,4.5,1.3,3.7,35.7,0.2,0.7,33.3,1.6,1.9,84.8,0.8,1.1,2.0,0.5,0.5,0.2,0.3,1.4,0.4,97.12
Los Angeles Lakers,34,27,7,2.0,4.3,1.3,3.1,40.6,0.3,0.9,34.4,1.5,2.1,68.5,0.5,1.4,1.9,0.7,0.4,0.4,0.2,0.8,1.0,98.41
Cleveland Cavaliers,33,15,18,2.2,3.9,1.2,3.2,36.5,0.1,0.5,20.0,1.5,2.1,70.0,0.7,1.7,2.4,0.5,0.8,0.2,0.2,1.1,-0.5,95.75
Golden State Warriors,33,11,22,2.1,3.5,1.1,3.6,29.7,0.3,0.9,30.0,1.1,1.6,67.3,0.8,1.2,2.0,0.5,0.4,0.2,0.2,1.4,-1.0,93.45
Orlando Magic,33,14,19,1.9,3.9,1.1,2.9,37.5,0.2,0.6,33.3,1.5,1.9,79.0,0.5,1.5,1.9,0.5,0.6,0.4,0.3,1.1,0.3,102.31
Chicago Bulls,32,13,19,1.9,2.8,0.8,2.7,31.8,0.1,0.5,23.5,0.9,1.5,63.8,0.3,1.5,1.8,0.6,0.6,0.2,0.2,1.1,-0.9,95.01
Memphis Grizzlies,32,22,10,1.9,4.4,1.3,3.1,42.9,0.2,0.7,33.3,1.6,2.1,77.3,0.5,1.3,1.8,0.7,0.3,0.3,0.3,1.2,1.0,104.64
Minnesota Timberwolves,31,17,14,2.1,4.5,1.3,3.4,37.1,0.3,0.9,32.1,1.7,2.0,85.5,0.5,1.4,1.8,0.6,0.3,0.2,0.3,1.5,-0.1,102.55
New York Knicks,31,16,15,2.2,4.8,1.3,3.5,38.0,0.3,0.8,30.8,1.9,2.3,85.7,0.5,1.6,2.1,0.6,0.4,0.3,0.3,1.4,1.2,101.49
Philadelphia 76ers,31,16,15,1.8,3.2,1.0,2.8,35.2,0.1,0.5,18.8,1.1,1.5,74.5,0.3,1.4,1.6,0.4,0.5,0.2,0.2,1.2,0.3,104.79
Denver Nuggets,30,15,15,1.8,3.9,1.1,3.2,34.7,0.1,0.7,9.5,1.6,1.9,82.8,0.7,1.3,2.0,0.7,0.6,0.3,0.2,1.0,0.2,109.99
Los Angeles Clippers,30,13,17,1.7,3.6,1.2,2.9,39.8,0.1,0.5,20.0,1.2,1.7,72.0,0.8,1.4,2.3,0.6,0.6,0.1,0.2,1.2,-0.2,106.16
Miami Heat,30,17,13,1.9,3.6,1.1,2.9,36.4,0.3,1.0,31.0,1.1,1.5,75.6,0.4,1.4,1.8,0.6,0.4,0.3,0.2,0.9,0.9,97.91
Utah Jazz,30,18,12,1.7,4.0,1.3,2.9,43.2,0.2,0.6,27.8,1.3,1.7,73.1,0.7,1.0,1.7,0.4,0.3,0.2,0.2,0.9,0.9,97.08
Seattle SuperSonics,29,13,16,1.9,5.2,1.6,3.2,47.9,0.5,1.3,40.5,1.6,1.9,80.4,0.4,1.3,1.7,0.8,0.5,0.3,0.1,1.4,0.0,107.21
Dallas Mavericks,28,15,13,2.0,4.6,1.3,3.8,34.9,0.4,1.3,28.6,1.6,1.9,83.0,0.9,1.3,2.2,0.8,0.6,0.3,0.3,1.3,0.1,111.32
New Jersey Nets,28,12,16,1.7,3.6,1.0,2.7,38.2,0.1,0.7,21.1,1.4,1.7,81.3,0.4,1.2,1.6,0.6,0.7,0.5,0.1,1.4,-0.5,112.68
Washington Wizards,27,11,16,1.9,3.2,1.0,3.1,31.3,0.2,0.7,27.8,1.1,1.4,76.9,0.6,1.1,1.7,0.3,0.7,0.3,0.2,1.3,-0.9,106.91
San Antonio Spurs,26,11,15,2.1,4.1,1.2,2.9,40.8,0.2,0.7,35.3,1.5,2.2,68.4,0.5,1.1,1.5,0.5,0.5,0.2,0.4,1.0,-0.5,95.31
